Lemma,Sense Key,Definition,Frequency,Correct Translation?,Correct Definition?,Notes
sechithir,comply%2:41:00::,"act in accordance with someone's rules, commands, or wishes",2,0,0,"It can mean 'follow' or 'pursue' in a figurative sense as well as literal, but I wouldn't say it means to 'comply'."
is,be%2:42:06::,be identical to; be someone or something,15,1,1,"This is the copula, but its definition is identical to the substantive verb. Technically the definition is correct, but far too limited."
attá,be%2:42:06::,be identical to; be someone or something,2,1,1,"This is the substantive verb. It's definition here seems a bit limited."
insamlathar,imitate%2:36:00::,reproduce someone's behavior or looks,2,1,1,
dliged,rule%1:09:00::,a principle or condition that customarily governs behavior,5,0,1,"The definition seems technically correct, but the translation 'rule' is an extension of the primary meaning. It means 'law' in the legal sense."
ríagol,rule%1:09:00::,a principle or condition that customarily governs behavior,2,1,1,
cenélae,kind%1:09:00::,a category of things distinguished by some common characteristic or quality,11,1,1,
cenél,kind%1:09:00::,a category of things distinguished by some common characteristic or quality,3,1,1,"It can have any of the translations 'race', 'nation', 'kindred', 'kind', 'sort', 'type', or 'grammatical gender'."
gné,kind%1:09:00::,a category of things distinguished by some common characteristic or quality,3,1,1,"This translation is correct, but a bit broad. It usually means something more specific, like 'species'."
mrechtrad,kind%1:09:00::,a category of things distinguished by some common characteristic or quality,2,0,0,"The translation should be 'variety' or 'diversity'."
indas,kind%1:09:00::,a category of things distinguished by some common characteristic or quality,2,1,1,
etargne,cognition%1:03:00::,the psychological result of perception and learning and reasoning,9,1,1,"The translation and definition are echnically correct, but as an extended meaning. Ther term means 'knowledge' or 'familiarity' of something, which does not need to result from learning or reasoning."
fis,cognition%1:03:00::,the psychological result of perception and learning and reasoning,3,0,0,"Maybe I'm being too stringent here, but I don't think 'fis' can be the psychological result of perception, learning or reasoning. It can mean the act of learning or ascertaining knowledge, but more typically means simply 'knowledge' or 'information'."
días,couple%1:23:00::,two items of the same kind,2,1,1,
fer,man%1:18:00::,an adult person who is male (as opposed to a woman),8,1,1,
duine,man%1:18:00::,an adult person who is male (as opposed to a woman),5,0,0,"'duine' does not necessarily imply male. It means 'person'."
fisid,man%1:18:00::,an adult person who is male (as opposed to a woman),3,0,0,"The translation should be something like 'knowledgeable person', 'learned person' or 'well informed person'. While, during the Old Irish period, a formally educated person may have been disproportionately likely to be male, the term itself does not necessarily exclude the possibility of being applied to a female."
becc,small%3:00:00::,limited or below average in number or quantity or magnitude or extent,8,1,1,
inducbál,glory%1:26:00::,a state of high honor,3,1,1,
már,greater%3:00:00::,greater in size or importance or degree,6,0,0,"While the definition is more-or-less correct, the key sense 'greater' seems to suggest that this is a comparative form, when it is in fact just the base form of the adjective meaning 'great', 'big' or 'large'. The definition would be more accurate if it read ‘great in size or importance or degree’ instead."
lebor,book%1:10:00::,a written work or composition that has been published (printed on pages bound together),4,1,1,
is,exist%2:42:00::,"have an existence, be extant",2,0,0,"This again is the copula. The meaning 'exist' may be possible in some senses, but I think this would more commonly be expressed in Old Irish with the substantive verb. Stifter writes 'in cases where existence, presence, a condition or a state is meant, the copula cannot be used: statements like “I think, therefore I am” … call for the use of the substantive verb' (Sengoidelc, p. 119)."
cummasc,confusion%1:26:01::,disorder resulting from a failure to behave predictably,2,0,0,"The correct translation should be 'mixing', 'commingling' or 'mixture'. The term is idiomatically translated as 'confusion' once in Sg. but allowing that definition here strikes me like saying 'mixed' is synonymous with 'confused' as a result of its use in the phrase 'mixed up'."
doecmaing,happen%2:30:00::,come to pass,3,1,1,
dotét,happen%2:30:00::,come to pass,2,0,0,"The translation should be 'come'. Maybe idiomatically it can be translated 'happen' in certain circumstances, but that's really not what the verb means."
accomol,connection%1:24:00::,a relation between things or events (as in the case of one causing the other or sharing features with it),4,1,1,"It can be translated 'joining', 'junction', 'meeting', 'union' or 'conjunction'."
randatu,part%1:24:00::,something determined in relation to something that includes it,2,0,0,"I don't think 'part' is entirely wrong here, as this word is derived from 'rann' = 'part'. However, 'randatu' seems to be a very technical grammatical term meaning something like 'particularity' or 'the quality of being related to a particular part-of-speech'."
dliged,law%1:09:01::,a generalization that describes recurring facts or events in nature,4,1,0,"It means 'law' in the legal sense. I think this definition is anachronistic."
imḟognam,construction%1:04:00::,the act of constructing something,8,1,0,"It only seems to be attested with the meaning 'construction' in the sense 'a grammatical construction'."
menma,mind%1:09:00::,"that which is responsible for one's thoughts, feelings, and conscious brain functions; the seat of the faculty of reason",7,1,1,
cíall,meaning%1:10:00::,the message that is intended or expressed or signified,13,1,1,"The real translation shoudl be 'sense', though this translation is possible when referring to words or text as an extension of this primary meaning."
intliucht,meaning%1:10:00::,the message that is intended or expressed or signified,7,1,1,
slond,meaning%1:10:00::,the message that is intended or expressed or signified,4,0,0,"It is a verbal noun which means 'expressing', 'mentioning', 'indicating' or 'signifying'."
cenélach,general%3:00:00::,applying to all or most members of a category or group,3,1,1,"It can be translated 'racial', 'of a particular race', 'general' or 'universal'."
gnúis,species%1:14:00::,(biology) taxonomic group whose members can interbreed,3,1,0,"The definition here seems far too modern to be appropriate, even if it's on the right track. The translation is roughly correct, though. It can mean 'kind', 'form' or 'species'."
guth,word%1:10:00::,a unit of language that native speakers can identify,3,1,1,"It can be translated 'voice', 'sound', 'word' or 'vowel'."
bríathar,word%1:10:00::,a unit of language that native speakers can identify,2,1,1,"It can be translated 'word', or 'verb'."
litred,letter%1:10:01::,the conventional characters of the alphabet used to represent speech,2,0,0,"It should be translated 'spelling' or 'lettering'."
liter,letter%1:10:00::,a written message addressed to a person or organization,7,1,1,"It can mean 'letter' in the sense described here, i.e. an epistle, but more typically it means a letter of an alphabet."
gním,act%1:03:00::,something that people do or cause to happen,6,1,1,"It can be translated 'deed', 'act', 'activity' or 'work'."
corp,body%1:08:00::,"the entire physical structure of an organism (an animal, plant, or human being)",9,1,1,
dasian,breathing%1:04:00::,the bodily process of inhalation and exhalation; the process of taking in oxygen from inhaled air and releasing carbon dioxide by exhalation,4,0,0,"This is a technical grammatical term meaning 'rough breathing' or 'spiritus asper' as per the Greek. It cannot just mean 'breathing'."
rann,speech%1:10:00::,(language) communication by word of mouth,23,0,0,"It means 'part' but it's used in the term 'rann insce' = 'part-of-speech', hence the confusion here."
randatu,speech%1:10:00::,(language) communication by word of mouth,2,0,0,"'randatu' seems to be a technical grammatical term meaning something like 'particularity' or 'the quality of being related to a particular part-of-speech'."
cumang,power%1:07:00::,possession of controlling influence,2,1,1,"It can be translated 'power', 'ability' or 'strength'."
fogur,phone%1:10:00::,(phonetics) an individual sound unit of speech without concern as to whether or not it is a phoneme of some language,10,1,1,"The translation and definition both seem to be anachronistic, but are roughly correct. A better translation would be 'sound'."
son,phone%1:10:00::,(phonetics) an individual sound unit of speech without concern as to whether or not it is a phoneme of some language,4,1,1,"The translation and definition both seem to be anachronistic, but are roughly correct. A better translation would be 'sound', 'word' or 'name'."
guth,phone%1:10:00::,(phonetics) an individual sound unit of speech without concern as to whether or not it is a phoneme of some language,4,1,1,"The translation and definition both seem to be anachronistic, but are roughly correct. A better translation would be 'voice', 'sound', 'word' or 'vowel'."
tórand,figure%1:25:00::,a combination of points and lines and planes that form a visible palpable shape,2,1,1,"It can be translated 'figure', 'shape', 'signification' or 'representation'."
méit,measure%1:03:00::,how much there is or how many there are of something that you can quantify,4,1,1,"It can be translated 'amount', 'measure' or 'magnitude'."
flesc,throw%1:11:00::,the maximum movement available to a pivoted or reciprocating piece by a cam,2,0,0,"It should be translated 'stroke' or 'line'."
delb,form%1:10:00::,the phonological or orthographic sound or appearance of a word that can be used to describe or identify something,3,1,1,"It can be translated 'form', 'shape', 'figure', 'appearance', 'shaping', 'fashioning' or 'arranging'."
attá,be%2:42:03::,"have the quality of being; (copula, used with an adjective or a predicate noun)",6,1,0,"The definition is wrong because this is the substantive verb, and the definition states it is the copula. However, 'have the quality of being' seems correct."
doella,decline%2:32:01::,"inflect for number, gender, case, etc.",4,1,1,"It apparently only means 'decline' in the grammatical sense, however, its primary meaning is to 'turn aside', 'deviate', 'bend', 'go astray' or 'degenerate'."
ainmmnigud,appellation%1:10:00::,identifying word or words by which someone or something is called and classified or distinguished from others,4,1,1,"I don't think the translation used here occurs in our corpus, though I suppose it's not incorrect. Better options would be 'designation', 'denomination' or 'naming'."
dano,indeed%4:02:03::,in truth (often tends to intensify),4,0,0,"'indeed' is a possible translation, but very rare and context dependent. It's not really what the word actually means. Many translations are possible for this word, 'therefore', 'then' or 'accordingly'. Even in our corpus, any of these are more common than 'indeed'."
amein,thus%4:02:01::,in the way indicated,3,1,1,
airec,invention%1:04:00::,the act of inventing,2,1,1,
trá,then%4:02:01::,at that time,8,1,1,"It can mean 'then', 'therefore', 'so' or 'indeed'."
didiu,then%4:02:01::,at that time,5,1,1,"It can mean 'therefore', 'hence', 'then' or 'thereupon'."
forcomai,keep%2:40:00::,retain possession of,2,1,1,
bindius,music%1:09:00::,any agreeable (pleasing and harmonious) sounds,3,0,0,"Not necessarily music, but the quality of sounding nice. It means 'euphony' or 'melodiousness'."
leth,one-half%1:23:00::,one of two equal parts of a divisible whole,2,1,1,
il,more%3:00:01::,(comparative of ‘much’ used with mass nouns) a quantifier meaning greater in size or amount or extent or degree; above; more than,3,0,0,"It is not a comparitive, it just means 'many' or 'numerous'."
domoinethar,think%2:31:01::,judge or regard; look upon; judge,2,1,1,
creitid,think%2:31:01::,judge or regard; look upon; judge,2,0,0,"It means 'believe'."
fot,length%1:07:00::,the linear extent in space from one end to the other; the longest dimension of something that is fixed in place,4,1,1,
attá,have%2:40:00::,"have or possess, either in a concrete or an abstract sense",5,0,0,"This is the substantive verb. It does not mean 'to have'."
adtreba,have%2:40:00::,"have or possess, either in a concrete or an abstract sense",2,1,1,
is,have%2:40:00::,"have or possess, either in a concrete or an abstract sense",2,0,0,"This is the copula. It does not mean 'have'."
aimser,time%1:11:00::,an instance or single occasion for some event,4,1,1,
cían,time%1:11:00::,an instance or single occasion for some event,3,1,0,"It specifically means 'a long time' or 'a period', not a single point or instance."
fecht,time%1:11:00::,an instance or single occasion for some event,2,1,1,
lechdach,liquid%1:27:04::,a substance that is liquid at room temperature and pressure,2,1,0,"It means 'liquid' in the grammatical sense. I can't find it attested in the sense 'a state of matter'."
aimserad,temporalty%1:21:00::,the worldly possessions of a church,3,1,0,"It means temporality in the sense of a 'period of time', or 'duraton'."
emid,entirely%4:02:02::,without any others being included or involved,2,0,0,"It means something like 'as', 'such as', 'as much' or 'not only'."
coitchenn,common%3:00:01::,having no special distinction or quality; widely known or commonly encountered; average or ordinary or usual,13,1,1,"It can mean 'common', 'general', 'usual' or 'ordinary'."
gair,shortness%1:07:02::,the property of being of short temporal extent,2,1,1,
dofúarat,stay%2:30:00::,stay the same; remain in a certain state,2,1,0,"I think this means 'remain' rather than 'stay', and specifically in the sense 'to be left over' or possibly 'to not leave' but not to 'remain unchanged'."
mút,mute%1:18:00::,a deaf person who is unable to speak,4,1,0,"It means 'a mute' in the grammatical/linguistic sense."
litrid,writer%1:18:00::,writes (books or stories or articles or the like) professionally (for pay),2,1,1,
atac,writer%1:18:00::,writes (books or stories or articles or the like) professionally (for pay),2,0,0,"It means 'an Attic', or specifically, a writer of Attic Greek. Not just a writer."
doinscanna,begin%2:42:00::,"have a beginning, in a temporal, spatial, or evaluative sense",3,1,1,
machdad,wonder%1:11:00::,something that causes feelings of wonder,5,1,1,
laiten,romance%3:01:00::,relating to languages derived from Latin,2,0,0,"This is too early to talk of languages derived from Latin, it means 'Latin' itself, whether classical or vulgar."
comroircnech,erroneous%5:00:00:incorrect:00,containing or characterized by error,2,1,1,
tinfed,aspiration%1:07:00::,a will to succeed,2,1,0,"This means 'aspiration' in the sense of 'lenition' or 'breathing'."
tinfed,ambition%1:12:00::,a cherished desire,4,0,0,"This means 'lenition' or 'breathing'."
sain,different%3:00:00::,unlike in nature or quality or form or degree,15,1,1,"It can mean 'different', 'special', 'peculiar' or 'distinct'."
fodáli,distinguish%2:31:00::,mark as different,2,1,1,
mút,mute%1:06:00::,a device used to soften the tone of a musical instrument,4,1,0,"It means a mute or a stop in linguistics."
scríbaid,write%2:32:00::,communicate or express by writing,4,1,1,
da_1 doíarmorat,follow%2:42:02::,be next,2,1,1,"There seems to be an infixed pronoun unnecessarily added into this entry. 'doíarmorat' on its own means 'to follow' in the sense 'to come after' or perhaps 'to result from'."
nihelas,nothingness%1:26:00::,the state of nonexistence,2,1,1,
is,let%2:41:00::,make it possible through a specific action or lack of action for something to happen,6,0,0,"This is the copula. It does not mean 'let'."
óa,liver%1:08:00::,large and complicated reddish-brown glandular organ located in the upper right portion of the abdominal cavity; secretes bile and functions in metabolism of protein and carbohydrate and fat; synthesizes substances involved in the clotting of the blood; synthesizes vitamin A; detoxifies poisonous substances and breaks down worn-out erythrocytes,2,1,1,
lín laiten,latin%3:01:00::,of or relating to the ancient Latins or the Latin language,2,0,0,"This is gibberish, not a MWE. It is clearly based on 'lín liter laitinde' = 'the number of Latin letters' which does occur in Sg. more than once."
forbeir,increase%2:30:00::,become bigger or greater in amount,4,1,1,
áirem,number%1:07:00::,the property possessed by a sum or total or indefinite quantity of units or individuals,2,1,1,
aiccidit,accident%1:11:00::,anything that happens suddenly or by chance without an apparent cause,6,1,0,"This means a grammatical accident. I can't find it attested ith the meaning 'mishap'."
tecmang,accident%1:11:00::,anything that happens suddenly or by chance without an apparent cause,2,0,1,"The normal translation of this word is something like 'happening', 'occurrence' or 'chance'. Where it is sometimes translated 'accident' this is typically in the sense 'chance occurrence' or 'happenstance'. Not so much 'sudden occurrence', though I can't rule this out."
foilsigidir,attest%2:32:01::,"provide evidence for; stand as proof of; show by one's behavior, attitude, or external attributes",2,0,0,"This means to 'show', 'demonstrate', 'be manifest' or 'reveal'."
óg,complete%3:00:00::,having every necessary or normal part or component or step,2,1,1,
suidiugud,position%1:15:00::,the particular portion of space occupied by something,2,1,1,
forcomai,continue%2:42:00::,keep or maintain in unaltered condition; cause to remain or last,6,1,1,
recht,law%1:09:00::,a rule or body of rules of conduct inherent in human nature and essential to or binding upon human society,2,1,1,
cotarsnae,contrary%5:00:00:different:00,very opposed in nature or character or purpose,4,1,1,
beirid,bring%2:38:00::,take something or somebody with oneself somewhere,2,1,1,"Usually it is translated 'carry', but it seems the majority of examples in Sg. and Wb. actually translate it with the less common 'bring'."
oentam,bachelor%1:18:00::,a man who has never been married,2,1,1,
sulbaire,eloquence%1:10:00::,powerful and effective language,3,1,1,
suidigidir,put%2:35:00::,put into a certain place or abstract location,3,1,1,
foceird,put%2:35:00::,put into a certain place or abstract location,2,1,1,
tíarmóracht,postposition%1:10:00::,(linguistics) the placing of one linguistic element after another (as placing a modifier after the word that it modifies in a sentence or placing an affix after the base to which it is attached),2,1,1,
aiccidit,accident%1:11:01::,an unfortunate mishap; especially one causing damage or injury,3,0,0,"This means a grammatical accident. I can't find it attested ith the meaning 'mishap'."
folad,message%1:10:00::,content communicating a message; what something is about,21,0,0,"This can be translated 'wealth', 'substance', 'property' or 'meaning'. Perhaps the error here is due to confusion with the not-very-common interpretation, 'meaning', but either way, I don't think this can mean a 'message'."
in incoisig,mean%2:32:03::,denote or connote,3,1,1,"It is strange that the preverb is repeated for this entry. It's translation is usually 'signifies' or 'indicates', but the translation here seems possible as an extension of 'signifies'."
do dofoirndea,mean%2:32:03::,denote or connote,2,0,1,"It is strange that the preverb is repeated for this entry. The translation should be 'express' or 'signify', though the definition seems possible as an extension of 'signify'."
folad cétnae,same%3:00:02::,same in identity,6,1,1,"Only 'cétnae' means 'same'. The phrase 'folad cétnae' is used in Sg. but means 'same substance'."
inunn,same%3:00:00::,closely similar or comparable in kind or quality or quantity or degree,7,1,1,
sluindid,carry%2:32:02::,serve as a means for expressing something,4,0,0,"It means to 'express', 'signify', 'declare, 'mention', 'describe' or 'name'."
fordingair,express%2:32:01::,give expression to,2,1,1,
coibnius,affinity%1:07:01::,inherent resemblance between persons or things,2,1,0,"It means 'relation' or 'blood relationship'. It was translated 'affinity' idiomatically in our dataset in a situation where 'relation' would have been a more accurate translation."
tinfed,inhalation%1:04:00::,the act of inhaling; the drawing in of air (or other gases) as in breathing,3,0,0,"This means 'lenition' or 'breathing'. As such, this translation is close, but it probably refers more to to exhaling than inhaling given the context. In any case, while it can mean general breathing, I don't think it can specifically mean inhaling."
dead,end%1:11:00::,the final stage or concluding parts of an event or occurrence,7,1,1,
cenél,state%1:14:00::,a politically organized body of people under a single government,6,0,0,"It can have any of the translations 'race', 'nation', 'kindred', 'kind', 'sort', 'type', or 'grammatical gender'. Where it means 'nation', this is true only in the historical sense of a collection of people living in an area who share broadly comparable customs and culture, and who perhaps also claim some shared ancestry (real or mythological). It does not mean 'nation' in the sense of the modern nation state. This would be an anachronism."
medóndae,intermediate%3:00:00::,lying between two extremes in time or space or state,3,1,1,
cosmailius,resemblance%1:07:00::,similarity in appearance or external or superficial details,4,1,1,
asbeir,name%2:32:03::,assign a specified (usually proper) name to,6,1,1,"It seems odd that three possible translations were found for this verb, but not the most common one, 'says'."
seircid,become%2:30:00::,enter or assume a certain state or condition,2,0,0,"It means 'shrinks', 'diminishes' or 'becomes obsolete'."
cumscugud,change%1:11:00::,an event that occurs when something passes from one state or phase to another,7,1,1,
fodaim,suffer%2:39:01::,undergo or be subjected to,3,1,1,
emid,equally%4:02:01::,to the same degree (often followed by ‘as’),2,0,0,"It might be translated something like 'as', 'such as', 'as much' or 'not only'."
ol,state%2:32:00::,express in words,3,1,1,
desimrecht,example%1:09:00::,an item of information that is typical of a class or group,13,1,1,
engracus,stead%1:04:00::,the post or function properly or customarily occupied or served by another,2,1,1,
ainm,stead%1:04:00::,the post or function properly or customarily occupied or served by another,2,0,0,"It means a 'name' or a 'noun'."
engraic,stead%1:04:00::,the post or function properly or customarily occupied or served by another,2,1,1,
crann,tree%1:20:00::,a tall perennial woody plant having a main trunk and branches forming a distinct elevated crown; includes both gymnosperms and angiosperms,8,1,1,
fid,tree%1:20:00::,a tall perennial woody plant having a main trunk and branches forming a distinct elevated crown; includes both gymnosperms and angiosperms,5,1,1,
becc,little%3:00:03::,(quantifier used with mass nouns) small in quantity or degree; not much or almost none or (with ‘a’) at least some,4,1,1,"The definition refers specifically to English syntax, '(with ‘a’), but is otherwise accurate'."
athair,father%1:18:00::,a male parent (also used as a term of address to your father),10,1,1,
oircnid,killer%1:18:00::,someone who causes the death of a person or animal,2,1,1,
carae,friend%1:18:00::,a person you know well and regard with affection and trust,2,1,1,
siur,sister%1:18:00::,a female person who has the same parents as another person,3,1,1,
il,many%3:00:00::,"a quantifier that can be used with count nouns and is often preceded by ‘as’ or ‘too’ or ‘so’ or ‘that’; amounting to a large but indefinite number; quantifier, plural pronoun; quantifier, plural",21,1,1,"The definition makes reference to specifically English syntax."
asbeir,mention%2:32:02::,make reference to,9,1,1,"It seems odd that three possible translations were found for this verb, but not the most common one, 'says'."
tairmthecht,passage%1:04:04::,the act of passing from one state or place to the next,3,1,1,"It can be translated 'traversing', 'passage' or 'transgression'."
tairmthechtas,passage%1:04:04::,the act of passing from one state or place to the next,2,1,1,"This term is so infrequently attested it's difficult to tell the nuance of how it differs from the verbal noun 'tairmthecht'. Both are used in Sg. to discuss only changes of grammatical person, or transition from one letter to another, though 'tairmthecht' is used in Wb. and Ml. to mean 'passage' in a broader sense, or 'transgression'."
buide,yellow%5:00:00:chromatic:00,of the color intermediate between green and orange in the color spectrum; of something resembling the color of an egg yolk,2,1,1,
glaine,jaw%1:08:00::,the part of the skull of a vertebrate that frames the mouth and holds the teeth,2,1,1,
séol,sail%1:06:00::,a large piece of fabric (usually canvas fabric) by means of which wind is used to propel a sailing vessel,2,1,1,
follus,apparent%5:00:00:obvious:00,clearly revealed to the mind or the senses or judgment,7,1,1,
fogur,sound%1:09:00::,the subjective sensation of hearing something,2,1,0,"Rather the thing that is heard than the sensation of hearing it."
cruth,manner%1:07:02::,how something is done or how it happens,4,1,1,"It can be translated 'form', 'shape', 'way' or 'manner'."
fogur,audio%1:10:00::,the audible part of a transmitted signal,2,1,0,"The definition may be anachronistic, but the translation is roughly correct. It just means 'sound'."
loor,adequate%5:00:00:sufficient:00,sufficient for the purpose,2,1,1,"It can be translated 'enough', 'sufficient' or 'adequate'."
búaid,victory%1:11:00::,a successful ending of a struggle or contest,4,1,1,
oentu,integrity%1:26:00::,an undivided or unbroken completeness or totality with nothing wanting,3,0,1,"I think 'integrity' implies strength or soundness as a result of being whole, whereas this word just represents the concept of 'oneness' and should therefore be translated something like 'unity'."
ógae,integrity%1:26:00::,an undivided or unbroken completeness or totality with nothing wanting,2,1,1,"It can be translated 'wholeness', 'entirety', 'integrity', 'completeness', 'perfection' or 'chastity'."
lechdach,liquid%1:10:00::,a frictionless continuant that is not a nasal consonant (especially ‘l’ and ‘r’),2,1,1,
foacomol,supplementation%1:04:00::,the act of supplementing,3,0,0,"It means 'subjunction', in the grammatical sense."
dano,then%4:02:00::,subsequently or soon afterward (often used as sentence connectors),4,1,1,"It can be translated 'therefore', 'then' or 'accordingly'."
didiu,then%4:02:00::,subsequently or soon afterward (often used as sentence connectors),3,1,1,"It can be translated 'therefore', 'hence', 'then' or 'thereupon'."
dead,end%1:09:00::,a final part or section,4,1,1,
forcenn,end%1:09:00::,a final part or section,3,1,1,
timorcon,shortening%1:04:00::,act of decreasing in length,2,1,1,"It can be translated 'shortening', 'restraining', 'repression' or 'discipline'."
indlach,dieresis%1:10:00::,a diacritical mark (two dots) placed over a vowel to indicate that it does not form a diphthong with an adjacent vowel,2,1,1,"It can be translated 'cleaving', 'cleavage' or, in a grammatical sense, 'dieresis'."
airitiu,premise%1:10:00::,a statement that is assumed to be true and from which a conclusion can be drawn,2,0,0,"It can be translated 'receiving' or 'accepting'."
conoscaigi,change%2:30:01::,cause to change; make different; cause a transformation,7,1,1,"It can be translated 'moves', 'changes', 'shakes' or 'upsets'."
dobeir,give%2:40:07::,convey or reveal information,6,1,1,"It can be translated 'give', 'place' or 'bring'."
íth,pottage%1:13:00::,a stew of vegetables and (sometimes) meat,3,1,1,
aricc,determine%2:32:00::,"establish after a calculation, investigation, experiment, survey, or study",2,0,0,"It can be translated 'come upon', 'meet', 'find', 'devise', 'compose', 'effect' or 'invent'."
comṡuidigud,compound_word%1:10:01::,"a word (as anthropology, kilocycle, builder) consisting of any of various combinations of words, combining forms, or affixes.",4,1,1,"It can be translated 'compounding', 'mixing', 'composition' or 'compound'. It does not necessarily have to refer to a compound word, but it is used in this way in Sg."
túas,above%4:02:00::,(in writing) at an earlier place,5,1,1,
anúas,above%4:02:00::,(in writing) at an earlier place,3,0,1,"It can be translated 'from above' or 'down'. In particular contexts, it can rarely be translated 'above', but in isolation this translateion is incorrect."
dogní,make%2:41:00::,engage in,10,1,1,"This is a weird one. It can be translated either 'make' or 'do'. The definition, 'engage in', is correct because the verb can mean 'to do' something, but the provided translation, which is separately correct, is 'make' not 'do'. I'll call it correct, but it seems like it's correct on a technicality."
gníid,make%2:41:00::,engage in,4,1,1,"It can be translated 'act', 'do', 'make', 'construct' or 'perform'."
díuitius,simplicity%1:07:02::,the quality of being simple or uncompounded,2,1,1,
cuitbedach,absurd%5:00:00:foolish:00,so unreasonable as to invite derision,2,1,1,"It can be translated 'ridiculous', 'frivolous' or 'absurd'."
dofonaig,wash%2:29:00::,cleanse (one's body) with soap and water,3,1,0,"It does not necessarily washing the body, but 'wash' is correct."
folcaid,wash%2:29:00::,cleanse (one's body) with soap and water,2,1,0,"It does not necessarily washing the body, though usually washing of something specific."
lía,rock%1:17:01::,a lump or mass of hard consolidated mineral matter,2,1,1,"It is typically translated 'stone' or 'standing stone'. It doesn't occur in our corpus with the translation 'rock' though, presumably this is a possible interpretation."
abgitir,alphabet%1:10:00::,a character set that includes letters and is used to write a language,2,1,1,
comthód,conversion%1:11:00::,an event that results in a transformation,2,1,1,"It can be translated 'turning', 'returning' or 'conversion'. I think this can only mean conversion in the religious sense, but I can't rule out a broader definition."
do dodúrig,arouse%2:37:00::,"call forth (emotions, feelings, and responses)",2,1,1,"It is strange that the preverb is repeated for this entry. It can be translated 'incite' or 'provoke'."
noíbaid,consecrate%2:32:00::,render holy by means of religious rites,2,1,1,"It can be translated 'sanctify' or 'consecrate'."
dogaítha,deceive%2:41:00::,be false to; be dishonest with,2,1,1,
lín,internet%1:06:00::,a computer network consisting of a worldwide network of computer networks that use the TCP/IP network protocols to facilitate data transmission and exchange,2,0,0,"While it can be translated 'number' or 'net', it means 'net' in the sense 'fishing net' not 'internet'."
ám,verily%4:02:00::,in truth; certainly,2,1,1,"It is typically translated 'indeed'."
uile,whole%3:00:00::,including all components without exception; being one unit or constituting the full amount or extent or duration; complete,3,1,1,
rofinnadar,know%2:31:01::,be cognizant or aware of a fact or a specific piece of information; possess knowledge or information about,5,1,1,"It can be translated 'find out', 'discover', 'learn' or 'know'."
mucc,hog%1:05:00::,domestic swine,3,1,0,"It means 'pig' or 'sow' or 'boar', so 'hog' is close enough. It can refer to wild pigs, though, so the definition is incorrect."
com aisndís,apposition%1:24:00::,a grammatical relation between a word and a noun phrase that follows,2,1,1,"It's strange that there's spacing in this lemma. It's actually repeated below with no spacing."
sluindid,denote%2:32:01::,be a sign or indication of,3,1,1,"It means to 'express', 'signify', 'declare, 'mention', 'describe' or 'name', so 'denote' seems like a reasonable extension of 'signify'."
aimser,time%1:28:05::,a period of time considered as a resource under your control and sufficient to accomplish something,3,1,1,
frecrae,answer%1:10:01::,a statement (either spoken or written) that is made to reply to a question or request or criticism or accusation,6,1,1,
féle,modesty%1:07:00::,freedom from vanity or conceit,2,1,1,
bés,character%1:07:01::,the inherent complex of attributes that determines a persons moral and ethical actions and reactions,2,0,0,"It can be translated 'habit', 'custom', 'practice', or 'manner'."
cíall,sense%1:10:00::,the meaning of a word or expression; the way in which a word or expression or situation can be interpreted,9,1,1,
intliucht,sense%1:10:00::,the meaning of a word or expression; the way in which a word or expression or situation can be interpreted,4,1,1,
cíall,sense%1:10:00::,the meaning of a word or expression; the way in which a word or expression or situation can be interpreted,3,1,1,"This is a duplicate from above based on a spelling error in the original dataset."
inne,sense%1:10:00::,the meaning of a word or expression; the way in which a word or expression or situation can be interpreted,2,1,1,
articol,article%1:10:00::,nonfictional prose forming an independent part of a publication,2,1,0,"It means 'article' in the grammatical sense."
már,much%3:00:00::,(quantifier used with mass nouns) great in quantity or degree or extent,3,0,1,"It can be translated 'great', 'big' or 'large'."
maith,better%3:00:00::,(comparative of ‘good’) superior to another (of the same class or set or kind) in excellence or quality or desirability or suitability; more highly skilled than another,7,0,0,"It is not a comparative. It just means 'good'."
recht,law%1:14:00::,the collection of rules imposed by authority,18,1,1,
dliged,law%1:14:00::,the collection of rules imposed by authority,8,1,1,
inne,quality%1:07:00::,an essential and distinguishing attribute of something or someone,15,1,1,
césad,passion%1:12:00::,a strong feeling or emotion,18,1,0,"It means 'passion' in the sense of 'the Passion of Christ', or otherwise in relation to the passive voice. Not as a strong emotion other than suffering."
adrími,calculate%2:31:03::,judge to be probable,4,1,0,"It means to 'count' or 'calculate' numbers."
bríathar,verb%1:10:00::,"a content word that denotes an action, occurrence, or state of existence",14,1,1,"It can be translated 'word', or 'verb'."
dobeir,frame%2:32:00::,formulate in a particular style or language,4,0,0,"It can be translated 'give', 'place' or 'bring'."
doacaldmach,appellative%3:01:00::,pertaining to or dealing with or used as a common noun,2,1,1,
imchomarc,question%1:10:00::,an instance of questioning,2,1,1,
maith,good%3:00:01::,having desirable or positive qualities especially those suitable for a thing specified,9,1,1,
droch,bad%3:00:00::,having undesirable or negative qualities,2,1,1,
folad,kernel%1:09:00::,the choicest or most essential or most vital part of some idea or experience,2,0,0,"This can be translated 'wealth', 'substance', 'property' or 'meaning'. 'Kernel' is a bit of a stretch, but maybe as an extension of the meaning 'substance'."
cíall,sense%1:09:02::,the faculty through which the external world is apprehended,2,1,1,
díall,declension%1:14:00::,a class of nouns or pronouns or adjectives in Indo-European languages having the same (or very similar) inflectional forms,3,1,1,
comaisndís,juxtaposition%1:04:00::,the act of positioning close together (or side by side),17,1,1,
dobeir,confer%2:40:00::,present,2,1,1,"It can be translated 'give', 'place' or 'bring'. I guess this is just a fancy way of saying 'give'."
asbeir,declare%2:32:00::,state emphatically and authoritatively,3,1,1,"It seems odd that three possible translations were found for this verb, but not the most common one, 'says'."
cathrar,citizen%1:18:00::,a native or naturalized member of a state or other political community,2,1,1,
scríbaid,write%2:36:01::,mark or trace words or symbols on a surface,2,1,1,
dechraigidir,differ%2:42:00::,be different,2,1,1,
sain,particular%5:00:00:specific:00,unique or specific to a person or thing or category,7,0,1,"It can mean 'different', 'special', 'peculiar' or 'distinct'. I think 'particular' might be too far, and I cannot find attestaton where this translation is more appropriate than something like 'peculiar'."
sainredach,particular%5:00:00:specific:00,unique or specific to a person or thing or category,2,1,1,"This translation is attested in Ml. but not in our dataset. It is more generally translated 'charecteristic of', 'peculiar to', or 'special'."
aue,grandson%1:18:00::,a male grandchild,4,1,1,
tar éis,place%1:26:01::,a particular situation,4,0,0,"What seems to have been picked up here is the MWE, 'tar ési' = 'behind', 'after', 'instead of'. It can be translated 'in place of' but not simply 'place'."
loc,place%1:26:01::,a particular situation,2,1,1,"Assuming 'situation' means 'where something is situated' as opposed to 'circumstance'."
muinter,family%1:14:02::,a social unit living together,4,1,0,"This is a very broad term, with no exact counterpart in English. It generally means 'community' or 'group' with the implication of some common bond between them, and hence it can mean 'family' or 'household'. As such, I think the translation here is permissible, however I think the definition 'a social unit living together', i.e. the nuclear family, is too modern and perhaps not culturally appropriate for Irish anyhow as Modern Irish 'muintir' still does not necessarily cohabitation."
étig,ugly%3:00:00::,displeasing to the senses,2,1,1,
már,great%5:00:01:large:00,relatively large in size or number or extent; larger than others of its kind,2,1,1,"It can be translated 'great', 'big' or 'large'."
cenélche,generality%1:07:00::,the quality of being general or widespread or having general applicability,3,1,1,
adiacht,adjective%3:00:00::,relating to court practice and procedure as opposed to the principles of law,3,1,0,"It refers to the part-of-speech."
trén,substantial%5:00:00:essential:00,of or relating to the real nature or essential elements of something,2,0,0,"It should really be translated 'strong'. 'Substantial' may be a resonable extension of this, but 'essential' is not. In a grammatical sense the term 'ainm trén' can be translated 'substantive', though it literally means 'strong name/noun', and this seems to be where the confusion occurred in this example."
doformaig,add%2:30:00::,"make an addition (to); join or combine or unite with others; increase the quality, quantity, size or scope of",4,1,1,
adcomla,add%2:30:00::,"make an addition (to); join or combine or unite with others; increase the quality, quantity, size or scope of",2,1,1,"Rather it means 'join' or 'unite', but the meaning 'add' is a possible extension of this."
atbaill,die%2:30:00::,pass from physical life and lose all bodily attributes and functions necessary to sustain life,4,1,1,"It can be translated 'dies', 'vanishes', 'perishes' or 'disappears'."
doformaig,increase%2:30:02::,make bigger or more,2,1,1,
fodáli,divide%2:41:00::,separate into parts or portions,2,1,1,
ainm díles,proper_noun%1:10:00::,a noun that denotes a particular thing; usually capitalized,5,1,1,"The term 'díles' alone means 'proper' and 'ainm' can mean noun. However, 'ainm díles' is not possible as the neuter noun requires nasalisation to follow. Hence, the term for 'proper noun' should be 'ainm ṅdíles'. A limitation of this approach may be its inability to account for initial mutations when contriving MWEs."
ben día,goddess%1:18:00::,a female deity,4,1,1,"I think always a MWE in the UD treebanks, 'ben' + 'día', but perhaps this is arbitrary and it could be a compound. No headword in eDIL for a single compounded form though."
dotuit,fall%2:30:08::,pass suddenly and passively into a state of body or mind,2,1,1,"More commonly, it just means 'to fall' in the normal sense, however, this definition occurs in Wb. 32c16 'lapse into perdition'."
asgnin,acknowledge%2:31:09::,accept (someone) to be what is claimed or accept their power and authority,2,0,0,"It should be translated 'recognise', 'understand' or 'know'. I can't find any attestation to support it meaning 'acknowledge'."
attoíbed,attachment%1:04:02::,faithful support for a cause or political party or religion,2,0,1,"It means 'adhering' or 'adherence'. The definition could be seen as an example of adherence, but I wouldn't accept the translation."
dúildetu,nature%1:07:02::,the essential qualities or characteristics by which something is recognized,2,1,1,
conscara,destroy%2:36:00::,"do away with, cause the destruction or undoing of",2,1,1,
ainmmnigud,naming%1:10:00::,the verbal act of naming,3,1,1,
dobeir,yield%2:40:02::,be the cause or source of,3,0,0,"It can be translated 'give', 'place' or 'bring'. Though I can't entirely rule it out, I can't find an attestation to support this translation."
acuit,acute_accent%1:10:00::,a mark placed above a vowel to indicate pronunciation,5,1,1,
léigend,reading%1:09:00::,the cognitive process of understanding a written linguistic message,2,1,1,
derb,certain%3:00:01::,established beyond doubt or question; definitely known,2,1,1,
doecmaing _,happen%2:30:02::,"happen, occur, or be the case in the course of events or by chance",2,1,1,"The underscore in the lemma is clearly an error."
aitherrechtaigthe _,patronymic%1:10:00::,a family name derived from name of your father or a paternal ancestor (especially with an affix (such as ‘-son’ in English or ‘O'-’ in Irish) added to the name of your father or a paternal ancestor),2,1,1,"The underscore in the lemma is clearly an error."
lá,day%1:28:01::,a day assigned to a particular purpose or observance,4,1,1,"Technically possible, but this would probably necessitate a MWE where 'lá' = 'day' is followed by another noun in the genitive, e.g. 'laa ṁ brátha' = 'doomsday' (Wb. 26a1)."
laithe,day%1:28:01::,a day assigned to a particular purpose or observance,2,1,1,"Technically possible, but this would probably necessitate a MWE where 'laithe' = 'day' is followed by another noun in the genitive, e.g. 'dilaithiu brátho' = 'of doomsday' (Wb. 25d20)."
lá sin,day%1:28:01::,a day assigned to a particular purpose or observance,2,0,1,"This is an MWE that means specifically 'that day'. I suppose the definition is correct, given the actual translation."
gainithir som,give_birth%2:29:00::,cause to be born,2,0,0,"'gainithir' can be translated 'is born', 'is produced', 'arises', but not 'gives birth'. The 'som' is an emphatic pronoun and should not be included in the lemma."
tairmḟorcend,termination%1:28:00::,a coming to an end of a contract period,8,1,0,"It means 'termination' or 'ending' in the grammatical sense, as in the ending of a word."
conutaing,construct%2:36:00::,make by combining materials and parts,3,1,1,
cland,child%1:18:01::,a human offspring (son or daughter) of any age,3,1,1,"Usually it means 'children', 'offspring' or 'descendants', plural. There is at least one example in Sg. (204b2) where it is translated 'child', singular."
soíre,freedom%1:26:00::,the condition of being free; the power to act or speak or think without externally imposed restraints,3,1,1,
bráthair,brother%1:18:00::,a male with the same parents as someone else,5,1,1,
bráthair athair,brother%1:18:00::,a male with the same parents as someone else,2,0,0,"Why is 'athair' = 'father' included in this entry?"
athair,brother%1:18:00::,a male with the same parents as someone else,2,0,0,"It should be translated 'father'."
glúas,gloss%1:10:00::,an explanation or definition of an obscure word in a text,4,1,1,
ríagolda,regular%3:00:00::,in accordance with fixed order or procedure or principle,6,1,1,
ríagol,convention%1:09:00::,something regarded as a normative example,3,0,1,"I'm on the fence about this one. The proper translation should really be 'rule', not 'convention'. This definition is possible because the word can refer to spelling 'rules' or grammatical 'rules', though to call these 'conventions' might be too soft."
femen,feminine%1:10:00::,a gender that refers chiefly (but not exclusively) to females or to objects classified as female,9,1,1,
attá,come%2:42:04::,to be the product or result,5,0,0,"This is the substantive verb. It does not mean 'to come'."
ilar neutur,plural%1:10:00::,the form of a word that is used to denote more than one,6,1,1,"'ilar' can be translated 'plural', but it's not clear why 'neutur' = 'neuter' is in the lemma."
adtreba,possess%2:42:00::,"have as an attribute, knowledge, or skill",13,1,1,
techtaid,possess%2:42:00::,"have as an attribute, knowledge, or skill",5,1,1,
adrad,worship%1:04:00::,the activity of worshipping,2,1,1,
arm,arm%1:08:00::,a human limb; technically the part of the superior limb between the shoulder and the elbow but commonly used to refer to the whole superior limb,3,0,0,"It can be translated 'arms' in the plural, with the sense 'weaponry', but not 'limbs'. In the singular, a better translation would be 'weapon'."
adtreba,populate%2:42:00::,be an inhabitant of or reside in,3,0,1,"The definition is accurate, but the translation should be 'inhabit' or 'dwell in'. I think 'populate' isn't quite right."
díṡruthaigidir,derive%2:30:01::,obtain from a particular source,2,1,1,
dán,humanistic_discipline%1:09:00::,studies intended to provide general knowledge and intellectual skills (rather than occupational or professional skills),2,0,0,"It means a 'gift', 'poem' or 'skill'."
dán,art%1:06:00::,the products of human creativity; works of art collectively,2,1,1,"This translation is possible, though it generally refers to poertry."
bunad,beginning%1:15:00::,"the place where something begins, where it springs into being",3,0,1,"The translation should be 'origin'."
erochuir,leg%1:08:01::,a human limb; commonly used to refer to a whole limb but technically only the part of the limb between the knee and ankle,2,1,1,
coll,hazel%1:07:00::,a shade of brown that is yellowish or reddish; it is a greenish shade of brown when used to describe the color of someone's eyes,2,1,0,"It refers to the tree or its wood."
aicme,tribe%1:14:00::,a social division of (usually preliterate) people,2,1,1,
molad,praise%1:10:00::,an expression of approval and commendation,3,1,1,
congaib,incorporate%2:42:00::,include or contain; have as a component,2,0,1,"It can be translated 'include' or 'contain'. I can't find any translation that uses 'incorporate'."
luib,plant%1:03:00::,(botany) a living organism lacking the power of locomotion,4,1,1,
derg,red%5:00:01:chromatic:00,of a color at the end of the color spectrum (next to orange); resembling the color of blood or cherries or tomatoes or rubies,4,1,1,
sruth,river%1:17:00::,a large natural stream of water (larger than a creek),2,1,1,
mug,slave%1:18:00::,a person who is owned by someone,2,1,1,
eirp,goat%1:05:00::,any of numerous agile ruminants related to sheep but having a beard and straight horns,2,0,0,"It refers specifically to a she-goat."
clíab,basket%1:06:00::,a container that is usually woven and has handles,2,1,1,
fích,village%1:14:00::,a community of people smaller than a town,2,1,1,
cenn,sake%1:07:00::,a reason for wanting something done,2,0,0,"It can be used in the MWE 'di/do chiunn' to mean 'for the sake of', but not alone."
ailidetu,alternation%1:04:00::,successive change from one thing or state to another and back again,3,1,1,
místae,monthly%5:00:00:periodic:00,of or occurring or payable every month,2,1,1,
atrab,possession%1:04:00::,the act of having and controlling property,9,1,1,"Usually means 'act of taking possession', 'act of inhabiting', 'dwelling in' or a 'dwelling', but it seems it's used with the sense 'possession' repeatedly in Sg."
ainmmde,nominal%3:01:00::,pertaining to a noun or to a word group that functions as a noun,2,1,1,
con condelca,compare%2:31:00::,examine and note the similarities or differences of,2,1,1,"It is strange that the preverb is repeated for this entry. Otherwise it is an exact duplicate of the entry below."
condelca,compare%2:31:00::,examine and note the similarities or differences of,2,1,1,
cosmailigidir,compare%2:31:00::,examine and note the similarities or differences of,2,1,1,
samlaither,compare%2:31:00::,examine and note the similarities or differences of,2,1,1,
ifern,hell%1:15:01::,any place of pain and turmoil,2,1,0,"I think it specifically means biblical hell, so the description is too general."
airchrae,verb%1:10:01::,the word class that serves as the predicate of a sentence,2,0,0,"It can be translated 'failure', 'deficiency, 'ellipsis', 'dying' or 'decay'."
airchrae,participle%1:10:00::,a non-finite form of the verb; in English it is used adjectivally and to form compound tenses,2,0,0,"It can be translated 'failure', 'deficiency, 'ellipsis', 'dying' or 'decay'."
dínu,lamb%1:05:00::,young sheep,2,1,1,
tír,country%1:15:00::,the territory occupied by a nation,2,1,1,"Better translations might be 'land', 'territory' or 'ground', but both this translation and definition are possible."
inmedónach,interior%3:00:00::,situated within or suitable for inside a building,2,1,1,"Usually translated 'internal', 'inner', or 'intermediate'."
doróscai de,surpass%2:33:00::,be or do something to a greater degree,3,1,1,"'doróscai' can be translated 'surpass', but the inclusion of 'de' in the lemma is an error."
doecmaing,happen%2:41:00::,"chance to be or do something, without intention or causation",3,1,1,
cóir,correct%3:00:00::,free from error; especially conforming to fact or truth,2,1,1,
immalle,together%4:02:02::,in contact with each other or in proximity,2,1,1,
superlait,superlative%1:10:00::,an exaggerated expression (usually of praise),4,1,1,
lainn,eager%3:00:00::,having or showing keen interest or intense desire or impatient expectancy,2,1,1,
torbae,net_income%1:21:00::,the excess of revenues over outlays in a given period of time (including depreciation and other non-cash expenses),3,0,0,"It can be translated 'profit' or 'benefit'. The interpretation here is too modern."
áram,number%1:10:05::,the grammatical category for the forms of nouns and pronouns and verbs that are used depending on the number of entities involved (singular or dual or plural),2,1,1,"It is used in this way in Sg. but it generally means 'number' in the sense 'numeral'. It can also be translated 'counting' or 'sum'."
lán,full%5:00:00:nourished:00,filled to satisfaction with food or drink,2,0,0,"I can't find any attestation to support the definition. The translation 'full' is fine, but 'nourished' is not."
trebar,prudent%3:00:00::,careful and sensible; marked by sound judgment,2,1,1,
airdíxa,long%3:00:01::,primarily spatial sense; of relatively great or greater than average spatial extension or extension as specified,3,1,0,"It refers to length of vowels."
peneuilt,penult%1:10:00::,the next to last syllable in a word,5,1,1,
asingaib,exceed%2:42:01::,be greater in scope or size than some standard,4,1,1,
éicen,need%1:26:00::,a condition requiring relief,2,1,1,"'Need' is a very lose translation here. It is usually translated 'compulsion' or 'necessity'. This can be extended to either 'need' or to 'force'/'violence'. Most of the examples in our dataset translate 'necessary' with 'need' and 'violence' occurring only rarely, so it's unclear why 'need' has been selected as the only translation here."
macc,male_child%1:18:00::,a youthful male person,2,1,1,"More commonly translated 'son', but this is possible also."
ungae,ounce%1:23:02::,a unit of apothecary weight equal to 480 grains or one twelfth of a troy pound,2,1,1,
póc,kiss%1:04:00::,the act of caressing with the lips (or an instance thereof),2,1,1,
tindnacol,gift%1:21:00::,something acquired without compensation,2,1,1,
luib,plant%1:06:01::,buildings for carrying on industrial labor,3,0,0,"It means plant in the sense of vegitation."
ith,grain%1:17:00::,a relatively small granular particle of a substance,2,1,0,"The definition is wrong. It means 'grain' or 'corn', not just anything small or granular."
biáil,ax%1:06:00::,an edge tool with a heavy bladed head mounted across a handle,2,1,1,"Apparently 'ax' is an accepted alternative spelling in US English (alone), but I think it's probably more appropriate here to use 'axe', which is accepted everywhere, including the US."
croicenn,skin%1:08:00::,a natural protective body covering and site of the sense of touch,2,1,1,
dogní,make%2:30:00::,give certain properties to something,3,1,0,"It can be translated either 'make' or 'do'. I'm not sure how the definition equates to the concept of 'making' something, even in English. I'd have to see the examples this definition is based on."
ingen,nail%1:08:00::,horny plate covering and protecting part of the dorsal surface of the digits,2,1,1,"This is a homonym with the much more common/basic/important term, 'ingen' = 'daughter', 'girl' or 'maiden', which appears to be unrepresented."
glún,knee%1:08:00::,hinge joint in the human leg connecting the tibia and fibula with the femur and protected in front by the patella,2,1,1,
cenn,head%1:08:00::,the upper part of the human body or the front part of the body in animals; contains the face and brains,2,1,1,
dris,scrub%1:14:00::,dense vegetation consisting of stunted trees or bushes,2,1,1,"This shows up three times in Sg., each time translated 'thorn-bush' or 'thorn', either of which are more accurate in the contexts used. So, I can't understand why the process resulted in this alternative translation, which is permissible but doesn't seem as accurate to me. I'd prefer to translate 'thorn-bush', 'bramble' or 'briar'."
fochraic,wages%1:11:00::,a recompense for worthy acts or retribution for wrongdoing,3,0,1,"I think the concept of 'wages' is too modern to be an appropriate translation here. I'd translate 'payment', or 'reward'."
míl,soldier%1:18:00::,an enlisted man or woman who serves in an army,2,1,1,
richis,ember%1:17:00::,a hot fragment of wood or coal that is left from a fire and is glowing or smoldering,2,1,1,
fairge,sea%1:17:00::,a division of an ocean or a large body of salt water partially enclosed by land,2,1,1,
muir,sea%1:17:00::,a division of an ocean or a large body of salt water partially enclosed by land,2,1,1,
tír _,land%1:17:01::,material in the top layer of the surface of the earth in which plants can grow (especially with reference to its quality or use),2,1,1,"This is an exact duplicate of the entry below, except for the erronious underscore in the lemma."
tír,land%1:17:01::,material in the top layer of the surface of the earth in which plants can grow (especially with reference to its quality or use),2,1,1,"It can be translated 'land', 'territory' or 'ground'."
emnad,doubling%1:22:00::,increase by a factor of two,4,1,1,
lóthar,bathtub%1:06:00::,a relatively large open container that you fill with water and use to wash the body,2,0,0,"It just means 'tub' or 'trough', it does not necessarily imply bathing."
consuidigedar,intensify%2:30:01::,"make more intense, stronger, or more marked",2,0,0,"It should be translated to 'compound', as it is in all cases in our dataset."
cucann,kitchen%1:06:00::,a room equipped for preparing meals,3,1,1,
sochuide,battalion%1:23:00::,a large indefinite quantity,2,0,0,"The general sense of the word is a 'crowd', 'congregation' or 'multitude' of people. It can be translated 'army' or 'host', but 'batallion' is too modern, and too specific, to be appropriate. As to the definition, it is not specific enough. It must be a large indefinite quantity of people."
caill,wood%1:27:00::,the hard fibrous lignified substance under the bark of trees,3,1,0,"It means 'wood' in the sense 'a forrest', not the material."
druimmchlae,ceiling%1:06:00::,the overhead upper surface of a covered space,2,1,0,"It means 'roof' rather than 'ceiling', though it can be translated 'ceiling' by extension, i.e. the general interior/underside of a roof, including support beams, rafters, coffers, caissons, lacunae, etc. Nevertheless, while the translation is permissible, the definition seems anachronistic as it refers to a very modern kind of 'ceiling'. The only example of this word referring to ceilings in our dataset is glossing Latin 'lacunar' = 'a pannelled ceiling', which in this context probably means the pannelled interior of the roof itself in Roman architecture, not a covered overhead (flat) surface."
druimmchlí,ceiling%1:06:00::,the overhead upper surface of a covered space,2,1,0,"Apparently taken as an alternative spelling for 'druimmchlae' (see above), this variant occurs twice in Sg., each time glossing Latin 'laquear' = 'pannelled ceiling', so I'm inclined to criticise the definition here in the same manner."
senatóir,senator%1:18:00::,a member of a senate,2,1,1,
óinechaid,rider%1:18:00::,a traveler who actively rides an animal (as a horse or camel),2,1,1,
sulbaire,cheerfulness%1:07:00::,the quality of being cheerful and dispelling gloom,2,1,1,
medón,middle%1:28:00::,the point between the beginning and the end of a temporal period or process,2,1,1,
testimin,time_period%1:28:00::,an amount of time,3,0,0,"It should be translated 'text' or 'testimony'. I can only find it attested with the meaning 'period' in MWEs like 'iar testemin' = 'end of the period' or 'medón testemin' = 'middle of the period', which I believe are idiomatic."
dia,today%1:28:00::,the present time or age,3,0,0,"It just means 'day'. The confusion is clearly based on its common usage in the term 'indiu', which is a MWE in UD treebanks (i [ADP = 'in'] + dia = i n-diu = 'today')."
arfoím,assume%2:31:00::,take to be the case or to be true; accept without verification or proof,3,1,1,
ad adcomla,join%2:35:01::,cause to become joined or linked,2,1,1,"It is strange that the preverb is repeated for this entry. 'adcomla' alone means 'join' or 'unite'."
tuisel,case%1:11:00::,an occurrence of something,15,1,0,"It only means grammatical case. Otherwise, translations can include 'fall', 'stumble', and 'accident'."
forbart,increase%1:11:00::,a change resulting in an increase,3,1,1,"The definition seems fairly lazy here, even if it's not technically incorrect. Any definition which uses the word it's defining in the definition is generally unhelpful, but this one seems particularly egregious."
dub,dark%3:00:02::,(used of color) having a dark hue,2,1,1,"The translation 'black' is notably missing here."
comdelb,conformity%1:07:02::,correspondence in form or appearance,2,1,1,
ard,tall%3:00:00::,great in vertical dimension; high in stature,2,1,1,
amal,so%4:02:05::,"in such a condition or manner, especially as expressed or implied",4,1,1,"This can be difficult to translate without context as it can function as a preposition, conjunction and adverb depending on context. It can be translated 'thus', 'so', 'like', etc. Usually when translated 'so', it is where it is used in conjunction with the copula, 'is samlid' = 'it is thus' i.e. 'so', so perhaps 'thus' is a better translation."
dano,so%4:02:05::,"in such a condition or manner, especially as expressed or implied",2,1,1,"Better translations might be 'therefore', 'then' or 'accordingly'."
sís,below%4:02:01::,in or to a place that is lower,4,1,1,
tís,below%4:02:01::,in or to a place that is lower,2,1,1,
díṡruthigud,derivation%1:09:00::,a line of reasoning that shows how a conclusion follows logically from accepted propositions,2,1,0,"I don't think it can be used in the sense suggested by the definition here. I can only find it attested referring to the derivation of words."
aslena,pollute%2:30:00::,make impure,3,1,1,
sacart,priest%1:18:01::,a person who performs religious duties and ceremonies in a non-Christian religion,3,1,0,"I can't find this word attested in reference to a non-christian religion. It seems unlikely, as it's a borrowing from Latin 'sacerdos'."
uilt,ultima%1:10:00::,the last syllable in a word,4,1,1,
gnáth,usual%3:00:00::,occurring or encountered or experienced or observed frequently or in accordance with regular practice or procedure,3,1,1,
aiccent,accent%1:10:01::,distinctive manner of oral expression,13,1,0,"It means grammatical accent."
dítiu,shelter%1:06:00::,a structure that provides privacy and protection from danger,2,1,1,
aitrebthaid,inhabitant%1:18:00::,a person who inhabits a particular place,2,1,1,
gníid,act%2:41:00::,"perform an action, or work out or perform (an action)",3,1,1,"It can be translated 'act', 'do', 'make', 'construct' or 'perform'."
rann,piece%1:06:05::,an item that is an instance of some type,2,1,1,"A better translation might be 'part' or 'division'."
neph corpdae,incorporeal%3:00:00::,without material form or substance,2,1,1,"This may be considered a compound rather than a MWE, as here, but I think the treebanks treat all instances of prefix 'neph-' as a separate word."
lán,full%3:00:00::,containing as much or as many as is possible or normal,2,1,1,
ith,corn%1:20:02::,the dried grains or kernels or corn used as animal feed or ground for meal,5,1,1,
dofuisim,generate%2:36:00::,"produce, create",2,1,1,
articol,article%1:10:01::,(grammar) a determiner that may indicate the specificity of reference of a noun phrase,9,1,1,
engraicigidir,assume%2:30:00::,"take on a certain form, attribute, or aspect",3,1,0,"It means 'assume' only in the sense of taking the plcae of something else. It is always translated 'takes the place of' in our dataset, and this is probably a better translation than 'assume', even if it is technically correct."
torad,fruit%1:20:00::,the ripened reproductive body of a seed plant,2,1,1,
accobur,desire%1:12:00::,the feeling that accompanies an unsatisfied state,3,1,1,
bacc,sickle%1:06:00::,an edge tool for cutting grass or crops; has a curved blade and a short handle,2,1,1,"It actually means 'angle', 'bend' or 'corner', but is applied to various hooked or angled tools, including sickles."
camm derc,squinter%1:18:00::,a person with strabismus,3,1,1,"This is a MWE that literally translates 'cross-eyed'."
salann,salt%1:13:00::,white crystalline form of especially sodium chloride used to season and preserve food,2,1,1,
lúa líath,spleen%1:08:00::,a large dark-red oval organ on the left side of the body between the stomach and the diaphragm; produces cells involved in immune responses,2,1,1,"Only seems to occur with this meaning as a MWE. Neither component word means 'spleen'."
mall,slow%3:00:01::,not moving quickly; taking a comparatively long time,5,1,1,
tegdais,house%1:06:00::,a dwelling that serves as living quarters for one or more families,4,1,1,
tech,house%1:06:00::,a dwelling that serves as living quarters for one or more families,2,1,1,
cosmailius,likeness%1:07:00::,similarity in appearance or character or nature between persons or things,4,1,1,
íarum,subsequently%4:02:00::,happening at a time subsequent to a reference time,3,1,1,"Usually translated 'thereafter', 'then' or 'afterwards'."
tairmḟorcend,ending%1:10:00::,the end of a word (a suffix or inflectional ending or final morpheme),2,1,1,
tomus,bill%1:10:04::,a statute in draft before it becomes law,2,0,0,"It means a 'measure' in weight, or the act of 'weighing' or 'measuring' something, with the extended meaning 'considering'. 'Bill' is clearly an incorrect synonym for 'measure' based in the context of the English word."
sís,below%4:02:00::,(in writing) at a later place,4,1,1,
airchinnech,principal%1:18:00::,the educator who has executive authority for a school,2,1,0,"It's better translated 'head', 'leader', 'administrator' or 'superior' to avoid confusion, though 'principal' is possible. The definition is too specific, though, (and probably too modern) as the term is generally associated with monastic office, not education."
laithe,day%1:28:00::,time for Earth to make a complete rotation on its axis,2,1,1,
lá,day%1:28:00::,time for Earth to make a complete rotation on its axis,2,1,1,
doadbat,prove%2:31:00::,"establish the validity of something, as by an example, explanation or experiment",4,0,0,"It should be translated 'show' or 'demonstrate'."
adroilli,deserve%2:42:00::,be worthy or deserving,2,1,1,
cochae,buttock%1:08:00::,either of the two large fleshy masses of muscular tissue that form the human rump,2,1,1,
cuit,respect%1:09:00::,(usually preceded by ‘in’) a detail or point,2,0,0,"It means 'share', 'part', 'portion'. The prepositional phrase 'ar chuit' can be translated 'as regards' or 'in respect of', which is where the confusion seems to come from."
rind,constellation%1:17:00::,a configuration of stars as seen from the earth,3,1,1,
cáith,chaff%1:27:00::,material consisting of seed coverings and small pieces of stem or leaves that have been separated from the seeds,2,1,1,
cucann,provision%1:10:00::,a stipulated condition,3,1,0,"It means 'provision' in the sense 'a ration of food'."
aicned,nature%1:17:00::,the natural physical world including plants and animals and landscapes etc.,4,1,0,"It means the nature of something, its inherent quality or essence."
loan,fat%1:27:00::,a soft greasy substance occurring in organic tissue and consisting of a mixture of lipids (mostly triglycerides),2,1,1,
sommae,rich%3:00:00::,possessing material wealth,3,1,1,
glan,pure%3:00:02::,free of extraneous elements of any kind,3,1,1,"It means 'clean' or 'pure' in the sense of not being dirty. The definition is not incorrect, but it seems a bit abstract."
déde,thing%1:10:00::,a statement regarded as an object,3,0,0,"It means 'two things' or a 'pair'. Not just one thing, and certainly not a statement."
dliged,law%1:10:00::,legal document setting forth rules governing a particular kind of activity,2,1,0,"I don't know if it can refer to a physical legal document itself, however it certainly can refer to a body of understood or traditional rules which may occur in a document."
deithbir,reasonable%3:00:00::,showing reason or sound judgment,2,1,1,
il,numerous%5:00:00:many:00,amounting to a large indefinite number,2,1,1,
ildae,plural%3:00:00::,grammatical number category referring to two or more items or units,2,1,1,
linn,drink%1:13:04::,a single serving of a beverage,2,1,0,"It means 'drink' in more of a 'Father Jack' kind of way. i.e. not a single serving. It can also be translated 'liquid'."
buith,beryllium%1:27:00::,a light strong brittle grey toxic bivalent metallic element,2,0,0,"I don't even know where to start with this one. It means 'being'. It is the verbal noun of the substantive verb. It's one of the most common nouns in the dataset. How on earth ... beryllium?"
etarscarad,separation%1:11:00::,coming apart,2,1,0,"I think the definition needs to imply more deliberate action, like 'taking apart'. Better translations for implying this might be 'separating', 'parting' or 'dividing'."
comṡuidigud,compound%1:09:00::,a whole formed by a union of two or more elements or parts,2,1,1,"It can be translated 'compounding', 'mixing', 'composition' or 'compound'."
rann,parts%1:15:00::,the local environment,2,0,0,"It means 'a part' or 'a piece', not 'parts' plural. It is unclear how this key sense relates to the suggested definition, perhaps from phrases like 'around these parts'. Either way, the definition is incorrect, it has nothing to do with the local environment."
cedacht,however%4:02:00::,despite anything to the contrary (usually preceding a concession),2,1,1,"Really it means 'yet' or 'as yet', but it can be used in the sense 'however', as 'yet' can in English."
accomol,conjunction%1:10:00::,an uninflected function word that serves to conjoin words or phrases or clauses or sentences,2,1,1,"It is used in this way in Sg. though it usually is translated 'joining', 'junction', 'meeting', 'union' or 'conjoining'."
comṡuidigud,constitution%1:07:00::,the way in which someone or something is composed,6,1,1,"Maybe as a stretch, as it can be translated 'compounding', 'mixing', 'composition' or 'compound', and 'constitution' can be synonymous with 'composition'."
togarthaid,vocative%1:10:00::,the case (in some inflected languages) used when the referent of the noun is being addressed,4,1,1,
rét,thing%1:26:00::,a special situation,2,1,1,
cóis,cause%1:10:00::,a justification for something existing or happening,2,1,1,
.i.,even%4:02:00::,used as an intensive especially to indicate something unexpected,4,0,0,"It is an abbreviation meaning 'i.e.', 'to wit' or 'namely'."
dídnad,consolation%1:12:00::,the comfort you feel when consoled in times of disappointment,4,1,1,"The definition is possible, but the word generally refers more to the act of 'consoling'."
delb,paradigm%1:24:00::,systematic arrangement of all the inflected forms of a word,4,1,1,"This one surprised me. It is usually translated 'form', 'shape', 'figure', 'appearance', 'shaping', 'fashioning' or 'arranging', but it seems to be used in this manner in Sg., presumably as an extension of the meaning 'shaping' or 'arranging'."
airdíxa,long%3:00:02::,primarily temporal sense; being or indicating a relatively great or greater than average duration or passage of time or a duration as specified,3,1,0,"It revers to length of vowels."
saírse,work%1:06:00::,a product produced or accomplished through the effort or activity or agency of a person or thing,2,0,0,"It specifically refers to works of art, or craftmanship".
sreth,series%1:14:00::,similar things placed in order or happening one after another,2,1,1,
fortórmach,addition%1:06:00::,a component that is added to something to improve it,3,1,0,"'addition' is used to translate this in our dataset, but it always refers to something added to a word, i.e. a suffix. Hence, 'suffix' would be a better translation."
saer,free%3:00:00::,not limited or hampered; not under compulsion or restraint,2,1,1,
cruthugud,formation%1:04:00::,the act of fabricating something in a particular shape,2,1,1,"It's a verbal noun, so the act of 'forming' more so than 'formation'."
nem,eden%1:15:00::,any place of complete bliss and delight and peace,2,0,1,"'Eden' is incorrect. It can be translated either 'heaven' or 'penis'. Presumably the definition here refers to the former."
cride,heart%1:09:00::,the locus of feelings and intuitions,2,1,1,"Also the physical heart of humans or animals."
scríbend,writing%1:10:01::,letters or symbols that are written or imprinted on a surface to represent the sounds or words of a language,3,1,1,
biad,food%1:03:00::,any substance that can be metabolized by an animal to give energy and build tissue,2,1,1,
anim,soul%1:18:00::,the immaterial part of a person; the actuating cause of an individual life,8,1,1,
coitchenn,common%5:00:00:informal:02,being or characteristic of or appropriate to everyday language,3,1,0,"I think there are a lot of instances in Sg. where linguistic features are described as 'common' using this word. As the subject matter of Sg. is Latin grammar, this is not unexpected, but the word itself does not necessarily imply anything linguistic as the definition here suggests. It can be translated 'common', 'general', 'usual' or 'ordinary'."
sund,herein%4:02:00::,in this place or thing or document,2,1,1,
analach,analogy%1:09:00::,an inference that if things agree in some respects they probably agree in others,4,1,1,
com dlúthad,syneresis%1:22:00::,the separation of liquid from a gel that is caused by contraction (as in cheese making),2,1,0,"This MWE is attested twice in Sg. glossing 'sinerisin' = 'synaeresis'. Both times it is intended in the linguistic sense, the merging of two vowels to create a diphthong or single vowel sound."
tóbae,conciseness%1:10:00::,terseness and economy in writing and speaking achieved by expressing a great deal in just a few words,3,0,0,"It can be translated 'cutting', 'concision' or 'elision'."
antepeneuilt,antepenult%1:10:00::,the 3rd syllable of a word counting back from the end,3,1,1,
fofera,cause%2:36:00::,"give rise to; cause to happen or occur, not always intentionally",2,1,1,
immfolngai,cause%2:36:00::,"give rise to; cause to happen or occur, not always intentionally",2,1,1,
sercaid,lover%1:18:00::,a person who loves someone or is loved by someone,2,1,1,
lam bratt,handkerchief%1:06:00::,a square piece of cloth used for wiping the eyes or nose or as a costume accessory,4,1,1,"This may be considered a compound, but I think always (arbitrarily) occurs as two separate words in the treebanks, hence is treated like a MWE."
dílmain,permissible%3:00:00::,that may be permitted especially as according to rule,3,1,1,
cinnid,specify%2:42:00::,determine the essential quality of,5,0,1,"It means to 'define' or 'determine' something, particularly a word."
aricc,find%2:40:02::,"come upon, as if by accident; meet with",4,1,1,"It can be translated 'come upon', 'meet', 'find', 'devise', 'compose', 'effect' or 'invent'."
aicned,nature%1:18:00::,a causal agent creating and controlling things in the universe,2,1,0,"It means the nature of something, its inherent quality or essence."
gnúis,form%1:09:00::,a perceptual structure,2,1,1,"It can be translated 'kind', 'form' or 'species'."
foditiu,endurance%1:07:00::,the power to withstand hardship or stress,2,1,0,"It's a verbal noun, so it means the 'enduring' or 'bearing' of something, rather than endurance itself."
dobeir,give%2:32:01::,"convey, as of a compliment, regards, attention, etc.; bestow",3,1,0,"It can be translated 'give', 'place' or 'bring'. Though I can't entirely rule it out, I can't find an attestation to support this definition."
arfoím,receive%2:40:00::,get something; come into possession of,3,1,1,
césad,passion%1:12:02::,a feeling of strong sexual desire,2,1,0,"It means 'passion' in the sense of 'the Passion of Christ', or otherwise in relation to the passive voice. Not as a strong emotion other than suffering."
dofuthraccair sa,wish%2:37:02::,"to hope, to desire or to prefer to have something, or to do something",2,1,1,"The 'sa' is an emphatic pronoun, and should not be included here. 'dofuthraccair' alone means to 'wish' or 'desire'."
réid,easy%3:00:01::,posing no difficulty; requiring little effort,3,1,1,
forbae,completion%1:04:00::,a concluding action,2,1,1,
écintech,indefinite%3:00:00::,vague or not clearly defined or stated,3,1,1,
caraid,love%2:37:00::,have a great affection or liking for,4,1,1,
bethu,life%1:26:02::,the course of existence of an individual; the actions and events that occur in living,2,1,1,
slond,expression%1:10:02::,expression without words,2,1,0,"'Expression' as a verbal noun. It may be without words, but not necessarily, and in fact, usually indicates verbal communication."
rechtaire,steward%1:18:00::,someone who manages property or other affairs for someone else,2,1,1,
aimser,tense%1:10:00::,a grammatical category of verbs used to express distinctions of time,3,1,1,
medón,midst%1:15:00::,the location of something surrounded by other things,2,1,1,
gibnae,hair%1:08:00::,a covering for the body (or parts of it) consisting of a dense growth of threadlike structures (as on the human head); helps to prevent heat loss,2,0,0,"It translates a 'lock' or 'curl' of hair, not 'hair' itself."
for forcongair,order%2:32:02::,issue commands or orders for,2,1,1,"It is strange that the preverb is repeated for this entry. 'forcongair' alone means to 'order' or 'command'."
forngaire,command%1:10:00::,an authoritative direction or instruction to do something,3,1,1,
foirbthe,perfect%3:00:00::,being complete of its kind and without defect or blemish,4,1,1,
rolaimethar,make_bold%2:41:00::,"take upon oneself; act presumptuously, without permission",2,0,0,"It means to 'dare' or 'be daring'."
foslig,smear%2:35:01::,make a smudge on; soil by smudging,2,1,1,
bás,death%1:19:00::,the permanent end of all life functions in an organism or part of an organism,4,1,1,
dobeir,give%2:40:00::,transfer possession of something concrete or abstract to somebody,6,1,1,"It can be translated 'give', 'place' or 'bring'."
dígal,vengeance%1:04:00::,the act of taking revenge (harming someone in retaliation for something harmful that they have done) especially in the next life,3,1,1,
soilse,light%1:26:01::,a condition of spiritual awareness; divine illumination,2,1,1,"It can be used figuratively, like this definition, but usually it just means actual light."
díṡruthigud,derivation%1:22:00::,(descriptive linguistics) the process whereby new words are formed from existing words or bases by affixation,3,1,1,
adcomla,associate%2:31:00::,make a logical or causal connection,2,0,1,"The correct translation would be 'join' or 'unite'."
aimser,time%1:03:00::,the continuum of experience in which events pass from the future through the present to the past,6,1,1,"Presumably this is a possible meaning, i.e. 'all time', but I can't find it attested with this specific context, though it is attested in reference to relatively long periods of time, e.b. 'an epoch', 'an age'."
loc,place%1:09:00::,an abstract mental location,3,1,0,"I'm not even sure what an 'abstract mental location' means. But this means 'location', 'place' or 'position', which I assume must be physical."
laithirt,hangover%1:26:00::,disagreeable aftereffects from the use of drugs (especially alcohol),2,1,1,"It may be more accurate to translate 'drinking' or 'drunkenness', though McManus writes that a historical (pseudo-?)etymology of the word “shows the basic meaning to be 'excessive ale-consumption' with the logical extensions 'excessive drunkenness' and ' massive hangover', the last probably the meaning intended in the Priscian Ogams [i.e. our dataset]” (Damian McManus, A Guide to Ogam. An Sagart, 1991, reprinted 1997. P. 133.). If the etymology proposed by eDIL is correct, and the word is, in fact, a combination of 'laith' = 'ale/liquor' and 'fiurt' = 'A wonderful work/miracle', then I suspect the interpretation 'hangover', if it ever was intended to be interpreted as such, was meant ironically."
aicsenugud,causality%1:24:00::,the relation between causes and effects,3,0,0,"It means 'the act of giving a reason' or 'providing an excuse'. Perhaps 'explaining causality' at a stretch, but not 'causality' itself."
dotét,arrive%2:38:00::,reach a destination; arrive by movement or progress,2,1,1,"The translation should be 'come', but it can be translated 'arrive' in certain contexts as an extension of it's primary meaning, 'to come'."
cocart,correction%1:04:00::,the act of offering an improvement to replace a mistake; setting right,3,1,1,"The definition is correct, but it can also mean the correction itself."
camm,devious%5:00:00:indirect:02,indirect in departing from the accepted or proper way; misleading,5,0,1,"It literally translates 'crooked', 'bent', 'curved' or 'twisted', but by extension can mean 'perversity', 'injustice' or 'a flaw'. In the sense of 'perversity' I suppose the definition here just about is appropriate, however the translation is not. I don't know how the process came up with 'devious' or 'indirect', because 'camm' is only used in our dataset in MWE combinations, meaning 'cross-eyed' and referring to the grammatical oblique case. Never in its simple form."
atárcadach,anaphoric%3:01:00::,relating to anaphora,2,1,1,
mrechtrad,diverseness%1:07:00::,noticeable heterogeneity,2,1,1,"The translation should be 'variety' with the extension 'diversity'."
écsamlus,diverseness%1:07:00::,noticeable heterogeneity,2,1,1,"I think 'diversity' is the correct word here, while 'diverseness' is acceptable but rarely used. Other translatiions might be 'dissimilarity' or 'difference'."
aricc,invent%2:36:00::,"come up with (an idea, plan, explanation, theory, or principle) after a mental effort",3,1,1,"It can be translated 'come upon', 'meet', 'find', 'devise', 'compose', 'effect' or 'invent'."
immcomairc,ask%2:32:01::,make a request or demand for something to somebody,2,1,0,"It means to ask in the sense 'question' or 'inquire'. Not 'request'."
foillsigud,demonstration%1:04:01::,a public display of group feelings (usually of a political nature),3,1,1,
foraithmet,remembrance%1:09:00::,the ability to recall past occurrences,2,1,0,"I think the act of remembering rather than the ability to do so, as this is a verbal noun."
leth,part%1:09:02::,that which concerns a person with regard to a particular role or situation,4,0,0,"I think the it's getting confused because of the common phrase 'rann fo leith' = 'a separate part', where 'rann' means 'part', not 'leth'."
aitrebthaid,owner%1:18:02::,a person who owns something,7,1,0,"Used to translate Latin 'possessor', but in these cases it means the grammatical 'possessor', i.e. in genitive constructions, etc. I think it probably only means 'owner' in the sense of 'occupier of a premises' rather than anything much more broad."
atárcud,epanaphora%1:10:00::,repetition of a word or phrase at the beginning of successive clauses,4,1,1,
attá,be%2:42:05::,occupy a certain position or area; be somewhere,3,1,1,"This is certainly a possible definition for the substantive verb."
césad,rage%1:26:02::,something that is desired intensely,2,0,0,"It means 'passion' in the sense of 'the Passion of Christ', or otherwise in relation to the passive voice. Not as a strong emotion other than suffering."
accuis,cause%1:11:00::,events that provide the generative force that is the origin of something,2,1,1,
tosach,beginning%1:11:00::,the event consisting of the start of something,2,1,1,
fogní,interpret%2:31:00::,make sense of; assign a meaning to,3,0,1,"It should be translated 'construe'."
fillid,inflect%2:32:01::,change the form of a word in accordance as required by the grammatical rules of the language,2,1,1,
scríbaid,write%2:36:00::,produce a literary work,2,1,1,
etercert,interpretation%1:09:01::,a mental representation of the meaning or significance of something,3,1,1,
foillsigthech,demonstrative%3:00:00::,given to or marked by the open expression of emotion,2,1,0,"It only means 'demonstrative' in the linguistic/grammatical sense."
doairngir,promise%2:32:00::,make a promise or commitment,2,1,1,"Again, using the word being defined in the definition seems a problem to me, even if it's technically accurate."
dobeir,understand%2:31:00::,know and comprehend the nature or meaning of,3,1,1,"Generally this can be translated 'give', 'place' or 'bring'. The perfective form of this verb from a suppletive root, '*to-ucc-' = lit. 'can bring' is the basis of a complete paradigm with the distinct meaning 'understands'."
asgnin,understand%2:31:00::,know and comprehend the nature or meaning of,2,1,1,
iress,religion%1:09:00::,a strong belief in a supernatural power or powers that control human destiny,27,1,1,
doérig,abandon%2:31:00::,leave someone who needs or counts on you; leave in the lurch,2,1,1,
graif,grave_accent%1:10:00::,a mark (‘) placed above a vowel to indicate pronunciation,4,1,1,
comaccomol,concurrence%1:07:00::,the temporal property of two things happening at the same time,2,0,0,"It means a 'conjunction', as in the type of word."
sechtardae,externally%4:02:01::,on or from the outside,2,1,1,
dub,ink%1:27:01::,a liquid used for printing or writing or drawing,2,1,1,
nert,force%1:07:00::,physical energy or intensity,3,1,1,"Really, the translation should be 'strength', but 'force' is used in our dataset."
locdatu,vicinity%1:15:00::,a surrounding or nearby region,2,0,0,"I think the translation has to be 'location' or 'locality'. Vacinity isn't close enough, nor 'surrounding' region. It's just a region."
crích,boundary%1:15:00::,the line or plane indicating the limit or extent of something,2,1,1,
aiccent,stress%1:10:01::,the relative prominence of a syllable or musical note (especially with regard to stress or pitch),2,0,1,"This is always translated 'accent' in our dataset, and I can't guarantee that this term would be used to infer the slightly distinct meaning, 'stress'. Particularly in the context of Old Irish, where word stress dictates so much, I would be careful about conflating the two."
nert,force%1:19:00::,(physics) the influence that produces a change in a physical quantity,2,1,0,"I think this is a modern, scientific definition, and hence isn't appropriate here."
creitid,believe%2:31:01::,follow a credo; have a faith; be a believer,2,1,1,
torbae,profit%1:07:00::,the advantageous quality of being beneficial,3,1,1,"It can be translated 'profit' or 'benefit'."
creitid,believe%2:31:00::,accept as true; take to be true,5,1,1,
foirbthetu,perfection%1:26:00::,the state of being without a flaw or defect,5,1,1,
airlam,ready%3:00:00::,completely prepared or in condition for immediate action or use or progress,2,1,1,
soiscélae,gospel%1:10:00::,"the four books in the New Testament (Matthew, Mark, Luke, and John) that tell the story of Christ's life and teachings",6,1,1,
olc,evil%1:04:00::,morally objectionable behavior,2,1,1,
dígal,punishment%1:04:00::,"the act of punishing, or the infliction of a penalty",5,1,1,
maith,thing%1:04:00::,an action,2,0,0,"It means 'good'."
mesrugud,moderation%1:07:00::,quality of being moderate and avoiding extremes,2,1,1,
peccad,sin%1:04:00::,an act that is regarded by theologians as a transgression of God's will,4,1,1,
cuimrech,alliance%1:24:00::,a connection based on kinship or marriage or common interest,2,0,0,"It means 'bond', 'binding', 'fastening', 'fettering' or 'captivity'. Not a familial bond or a bond between allies."
maith,good%1:07:01::,moral excellence or admirableness,2,1,1,
pridchid,preach%2:32:02::,deliver a sermon,3,1,1,
forcetlid,teacher%1:18:00::,a person whose occupation is teaching,4,1,1,
imdibe,circumcision%1:04:00::,the act of circumcising; surgical removal of the foreskin of males,3,1,1,
cenn,behalf%1:04:00::,as the agent of or on someone's part (usually expressed as ‘on behalf of’ rather than ‘in behalf of’),2,0,0,"The phrase 'dar [bar] cenn' can mean 'on [your] behalf' (lit. above [your] head), but 'cenn' alone just means 'head'."
cosmail,like%3:00:00::,resembling or similar; having the same or some of the same characteristics; often used in combination,2,1,1,
íarmifoich,search%2:35:00::,"try to locate or discover, or try to establish the existence of",2,0,1,"It means 'seek' or 'ask'. 'Search' is not close enough."
fírinne,righteousness%1:07:00::,adhering to moral principles,6,1,1,
fuil,blood%1:08:00::,"the fluid (red in vertebrates) that is pumped through the body by the heart and contains plasma, blood cells, and platelets",2,1,1,
dodcad,misfortune%1:11:00::,unnecessary and unforeseen trouble resulting from an unfortunate event,2,1,1,
íccaid,salvage%2:41:00::,"save from ruin, destruction, or harm",3,0,1,"Though, it's normal meaning is 'pay', it's attested with the meaning 'save' or 'redeem', which is the intended meaning here. But not 'salvage'."
cretem _,belief%1:09:00::,any cognitive content held as true,2,1,1,"'cretem' can be translated 'belief', 'faith', 'religion' or 'believing'. The underscore in the lemma is an error."
ícc,redemption%1:04:01::,(theology) the act of delivering from sin or saving from evil,6,1,1,
gním,works%1:04:00::,performance of moral or religious acts,2,0,0,"It can mean an 'act', 'deed', 'activity' or 'work', not plural. Also, the act does not need to be moral or religious."
colinn,human_body%1:08:00::,alternative names for the body of a human being,4,0,0,"It can mean 'body' but not 'human-body'. It actually means 'flesh', but can have the same connotations as in English 'in the flesh', i.e. 'embodiment', or 'in bodily form', and as an extension can mean 'body', 'corpse, 'carcass'."
colnide,animal%5:00:00:physical:00,marked by the appetites and passions of the body,2,0,1,"It means 'carnal' or 'corporeal'. By extension, it can mean 'a material thing', but I can't find an attestation which would support 'physical' as an adjective."
comalnaithir,carry_through%2:36:00::,put in effect,9,0,1,"It means 'fulfil' or 'perform' (a task or duty)."
tairngire,promise%1:09:00::,grounds for feeling hopeful about the future,2,1,0,"It means promise in the sense of a statement of assurance, or commitment."
tairngire _,promise%1:09:00::,grounds for feeling hopeful about the future,2,1,0,"This is an exact duplicate of the entry above with an erronious underscore for some reason."
iressach,faithful%3:00:00::,steadfast in affection or allegiance,2,1,0,"It specifically meanss 'faithful' in a religious sense."
bás,death%1:11:00::,the event of dying or departure from life,4,1,1,
lá,day%1:28:03::,a point or period in time,2,1,1,"'lá' can be used with the meaning 'a point in time', e.g. 'co laa Poil' = 'until Paul's time' (Wb. 5b4)."
coibse,confession%1:04:00::,(Roman Catholic Church) the act of a penitent disclosing their sinfulness before a priest in the sacrament of penance in the hope of absolution,2,1,1,
foídid,send%2:38:01::,cause to go somewhere,2,1,1,
is,send%2:38:01::,cause to go somewhere,2,0,0,"This is the copula. It does not mean 'send'."
bél,lip%1:08:00::,either of two fleshy folds of tissue that surround the mouth and play a role in speaking,2,1,1,
precept,teaching%1:04:00::,the profession of a teacher,5,0,0,"Not specific enough. It means 'preaching' or 'teaching' of religious material."
forcetal,teaching%1:04:00::,the profession of a teacher,2,1,1,
guidid,pray%2:32:00::,"address a deity, a prophet, a saint or an object of worship; say a prayer",2,1,1,
for forcain,teach%2:32:00::,impart skills or knowledge to,3,1,1,"It is strange that the preverb is repeated for this entry."
báeth,simpleton%1:18:00::,a person lacking intelligence or common sense,2,1,1,"Translation is not inaccurate, but should probably be stronger, like 'fool' or 'idiot'. It glosses Latin 'idiotae' in Wb."
nóib,holy%3:00:00::,belonging to or derived from or associated with a divine power,2,1,1,
precept,education%1:04:00::,the activities of educating or instructing; activities that impart knowledge or skill,2,0,0,"Not specific enough. It means 'preaching' or 'teaching' of religious material."
fochaid,agony%1:26:00::,a state of acute pain,3,0,1,"Can't find it attested with this translation. If translated 'suffering' then the definition works. The lemma appears as 'fochith' in the UD corpora and WB. website, so should probably be changed here. 'fochaid' is the eDIL headword."
fochaid,suffering%1:26:01::,misery resulting from affliction,2,1,1,"The lemma appears as 'fochith' in the UD corpora and WB. website, so should probably be changed here. 'fochaid' is the eDIL headword."
is,look%2:39:01::,give a certain impression of being something or having a certain aspect,3,0,0,"This is the copula. It does not mean 'to look like/as though'."
féchem,debtor%1:18:00::,a person who owes a creditor; someone who has the obligation of paying a debt,2,1,1,
caindleóir,candle%1:06:00::,stick of wax with a wick in the middle,2,0,0,"It should be translated 'candle-bearer' or 'acolyte'. I think it can mean 'candlestick' or perhaps some sort of candle holder or receptacle, but this meaning does not occur in our corpus, and I can only find it attested in later texts."
caindleóir,carrier%1:18:03::,someone whose employment involves carrying something,2,0,1,"It should be translated 'candle-bearer' or 'acolyte'. The definition is not specific enough. It is a role in the church, but it specifically involves carrying a candle."
laithe,judgment_day%1:28:00::,(New Testament) day at the end of time following Armageddon when God will decree the fates of all individual humans according to the good and evil of their earthly lives,2,0,0,"This would require a MWE, as in 'dilaithiu brátho' = 'of doomsday' (Wb. 25d20). Alone, however, 'laithe' just means 'day'."
ainmnetach,patient%3:00:00::,enduring trying circumstances with even temper or characterized by such endurance,2,1,1,
grád,order%1:10:03::,"(often plural) a command given by a superior (e.g., a military or law enforcement officer) that must be obeyed",4,0,0,"It means 'grade', 'degree', or 'rank'. It can only (rarely) be translated 'orders' in the plural, and in the sense 'ecclesiastical orders'. I wouldn't accept the translation 'order' in the singular, though, nor the definition here."
doairngir,promise%2:32:01::,promise to undertake or give,3,1,1,"Again, using the word being defined in the definition seems a problem to me, even if it's technically accurate."
foácaib,leave%2:31:05::,"go and leave behind, either intentionally or by neglect or forgetfulness",2,1,1,"The definition seems possible, but it does just mean 'leave' more generally, as in to go away somewhere, without any necessary connotations of abandonment."
senchas,narrative%1:10:00::,a message that tells the particulars of an act or occurrence or course of events; presented in writing or drama or cinema or as a radio or television program,2,1,1,"This is a very particular term, and 'narrative' is too broad as a translation. It means something like 'traditional law', 'folk stories/history' or 'old tales'."
teist,testimony%1:10:01::,an assertion offering firsthand authentication of a fact,2,1,1,
airitiu,pickings%1:04:00::,the act of someone who picks up or takes something,2,0,1,"The translation is incorrect. It can be translated 'receiving' or 'accepting'. However, the definition could, at least loosely, match the correct translation, 'receiving'."
gním,work%1:04:00::,activity directed toward making or doing something,2,1,1,"It can be translated 'deed', 'act', 'activity' or 'work'."
aingel,angel%1:18:00::,spiritual being attendant upon God,3,1,1,
doínecht,manhood%1:26:00::,the state of being a man; manly qualities,2,1,0,"It means 'manhood' in the traditional sense, 'being human', not 'being male'."
pecthach,sinner%1:18:00::,a person who sins (without repenting),2,1,1,
popul,people%1:14:00::,(plural) any group of human beings (men or women or children) collectively,3,1,1,
nuiednisse,testament%1:09:00::,a profession of belief,3,0,0,"It means the 'New Testiment'."
cumsanad do,remainder%1:24:00::,something left after other parts have been taken away,3,0,0,"This is an exact duplicate of the entry below, exept the lemma includes a preposition erroniously. This is not a real MWE."
cumsanad,remainder%1:24:00::,something left after other parts have been taken away,2,0,0,"It means the act of 'ceasing', 'rest' or 'repose'."
sacart,priest%1:18:00::,a clergyman in Christian churches who has the authority to perform or administer various religious rites; one of the Holy Orders,2,1,1,
